,MMM,ABT,ABBV,ABMD,ACN,ATVI,ADBE,AMD,AAP,AES,AFL,A,APD,AKAM,ALK,ALB,ARE,ALXN,ALGN,ALLE,LNT,ALL,GOOGL,GOOG,MO,AMZN,AMCR,AEE,AAL,AEP,AXP,AIG,AMT,AWK,AMP,ABC,AME,AMGN,APH,ADI,ANSS,ANTM,AON,AOS,APA,AIV,AAPL,AMAT,APTV,ADM,ANET,AJG,AIZ,T,ATO,ADSK,ADP,AZO,AVB,AVY,BKR,BLL,BAC,BK,BAX,BDX,BBY,BIO,BIIB,BLK,BA,BKNG,BWA,BXP,BSX,BMY,AVGO,BR,CHRW,COG,CDNS,CPB,COF,CAH,KMX,CCL,CTLT,CAT,CBOE,CBRE,CDW,CE,CNC,CNP,CERN,CF,SCHW,CHTR,CVX,CMG,CB,CHD,CI,CINF,CTAS,CSCO,C,CFG,CTXS,CLX,CME,CMS,KO,CTSH,CL,CMCSA,CMA,CAG,CXO,COP,ED,STZ,COO,CPRT,GLW,CTVA,COST,CCI,CSX,CMI,CVS,DHI,DHR,DRI,DVA,DE,DAL,XRAY,DVN,DXCM,FANG,DLR,DFS,DISCA,DISCK,DISH,DG,DLTR,D,DPZ,DOV,DOW,DTE,DUK,DRE,DD,DXC,EMN,ETN,EBAY,ECL,EIX,EW,EA,EMR,ETR,EOG,EFX,EQIX,EQR,ESS,EL,ETSY,EVRG,ES,RE,EXC,EXPE,EXPD,EXR,XOM,FFIV,FB,FAST,FRT,FDX,FIS,FITB,FE,FRC,FISV,FLT,FLIR,FLS,FMC,F,FTNT,FTV,FBHS,FOXA,FOX,BEN,FCX,GPS,GRMN,IT,GD,GE,GIS,GM,GPC,GILD,GL,GPN,GS,GWW,HAL,HBI,HIG,HAS,HCA,PEAK,HSIC,HSY,HES,HPE,HLT,HFC,HOLX,HD,HON,HRL,HST,HWM,HPQ,HUM,HBAN,HII,IEX,IDXX,INFO,ITW,ILMN,INCY,IR,INTC,ICE,IBM,IP,IPG,IFF,INTU,ISRG,IVZ,IPGP,IQV,IRM,JKHY,J,JBHT,SJM,JNJ,JCI,JPM,JNPR,KSU,K,KEY,KEYS,KMB,KIM,KMI,KLAC,KHC,KR,LB,LHX,LH,LRCX,LW,LVS,LEG,LDOS,LEN,LLY,LNC,LIN,LYV,LKQ,LMT,L,LOW,LYB,MTB,MRO,MPC,MKTX,MAR,MMC,MLM,MAS,MA,MKC,MXIM,MCD,MCK,MDT,MRK,MET,MTD,MGM,MCHP,MU,MSFT,MAA,MHK,TAP,MDLZ,MNST,MCO,MS,MOS,MSI,MSCI,NDAQ,NOV,NTAP,NFLX,NWL,NEM,NWSA,NWS,NEE,NLSN,NKE,NI,NSC,NTRS,NOC,NLOK,NCLH,NRG,NUE,NVDA,NVR,ORLY,OXY,ODFL,OMC,OKE,ORCL,PCAR,PKG,PH,PAYX,PAYC,PYPL,PNR,PBCT,PEP,PKI,PRGO,PFE,PM,PSX,PNW,PXD,PNC,POOL,PPG,PPL,PFG,PG,PGR,PLD,PRU,PEG,PSA,PHM,PVH,QRVO,PWR,QCOM,DGX,RL,RJF,RTX,O,REG,REGN,RF,RSG,RMD,RHI,ROK,ROL,ROP,ROST,RCL,SPGI,CRM,SBAC,SLB,STX,SEE,SRE,NOW,SHW,SPG,SWKS,SLG,SNA,SO,LUV,SWK,SBUX,STT,STE,SYK,SIVB,SYF,SNPS,SYY,TMUS,TROW,TTWO,TPR,TGT,TEL,FTI,TDY,TFX,TER,TXN,TXT,TMO,TIF,TJX,TSCO,TT,TDG,TRV,TFC,TWTR,TYL,TSN,UDR,ULTA,USB,UAA,UA,UNP,UAL,UNH,UPS,URI,UHS,UNM,VLO,VAR,VTR,VRSN,VRSK,VZ,VRTX,VFC,VTRS,V,VNO,VMC,WRB,WAB,WMT,WBA,DIS,WM,WAT,WEC,WFC,WELL,WST,WDC,WU,WRK,WY,WHR,WMB,WLTW,WYNN,XEL,XRX,XLNX,XYL,YUM,ZBRA,ZBH,ZION,ZTS
fullTimeEmployees,96163,107000,47000,1536,506000,9080,22634,11400,39000,8000,11729,16300,19000,8155,18112,6000,439,3082,14530,11000,3597,45780,132121,132121,7300,1125300,47000,9323,110500,17408,64000,46000,5454,6800,12500,21000,18100,23400,74000,16400,4500,70600,50000,15100,3163,950,147000,24000,141000,38100,2300,32000,13600,235000,4694,10100,58000,60000,3122,27950,58000,18300,211000,48600,50000,65000,125000,8000,7400,16600,161100,23000,48000,760,36000,30000,19000,12000,15177,547,8100,14500,52500,48000,25000,150000,13900,102300,823,100000,9980,7700,56600,14262,27400,3000,22100,95100,48200,94000,33000,4800,73700,5148,40000,77500,209000,17930,8400,8800,4360,8128,86200,283100,34300,190000,7738,16500,1453,9800,14890,9000,12000,7600,49500,21000,156000,5100,19000,61615,290000,,60000,177895,65000,73489,91000,15200,1800,3900,712,1550,17200,9200,9200,16000,143000,56900,19100,13100,24000,36500,10700,29000,400,35000,138000,14500,92000,13300,45000,12937,13900,9800,83500,13600,2900,11000,9638,2600,1822,48000,1374,4617,8234,1603,32713,25400,17743,4048,74900,6048,56653,20336,308,324000,55000,20283,12000,5294,44000,8000,4265,16000,6400,187000,8075,25000,24700,9000,9000,,27500,129000,15000,16724,,189400,35000,164000,55000,11800,3196,24000,40900,23800,40000,63000,19500,5600,210000,204,19000,14520,1775,61600,173000,4074,5814,400000,113000,18700,175,41700,56000,46000,15680,42000,7000,9200,15500,45000,7700,1456,16000,111300,8445,352600,50000,54300,13668,10600,7326,8750,5960,68000,25000,6717,55000,29056,7000,132200,97000,256358,9916,7040,31000,16758,,40000,502,11086,10600,37000,500000,25500,48000,70000,11700,7700,50000,22000,34000,10106,35065,11357,74648,10500,51000,110000,18605,300000,19100,16980,2000,60910,599,174000,76000,8846,22000,18600,12400,7115,205000,60000,90000,71000,,14850,63000,18000,40000,163000,2476,41800,17700,80000,1273,11397,63051,12600,17000,3545,4776,33810,10800,8600,30000,16600,23500,23500,14800,46000,75400,8363,24587,20700,90000,3600,36000,4577,26800,13775,5700,76027,14400,21080,70000,2882,135000,27000,15500,50520,15600,3765,23200,9500,6110,267000,13000,11000,88300,73500,14500,6210,2323,49805,4500,47000,12280,17601,99000,41571,1712,51511,13000,5900,5245,21500,7900,40300,41000,47000,13700,,243200,194,450,8314,19766,36000,7770,16000,23500,14952,16460,92500,85300,22500,54255,1475,82000,42000,16500,18000,12643,61111,3500,10000,1033,12800,27943,57931,59438,349000,38979,13000,40000,4336,16500,13896,57000,53000,7635,5800,12400,368000,82000,37000,11790,14400,5500,29768,32200,75000,14100,286000,16000,50000,14200,30800,55000,4900,5511,139000,1330,18000,70000,7000,7000,31362,87887,325000,260280,19100,90000,10300,10222,10000,516,872,9060,133200,3000,48000,35000,20500,4008,9173,7493,27500,2200000,223000,,44900,7000,7500,274900,443,8200,63800,11500,,9400,77000,4812,45000,30200,11273,25500,4891,16000,34000,8200,19900,9726,10600
payoutRatio,0.6858,0.7447,0.9935,0,0.4056,0.1439,0,0,0.1177,,0.1743,0.3171,0.60580003,0,,0.4241,0.9543,0,0,0.3796,0.5578,0.1494,0,0,8.666699,0,0.9829,0.5789,,0.72540003,0.3193,,1.0236,0.5753,0.2821,,0.17989999,0.5036,0.26389998,0.77589995,0,0.1882,0.22680001,0.4948,,1.5728,0.24239999,0.2194,0.0674,0.5071,0,0.4461,0.3739,1.3775,0.4703,0,0.6319,0,1.3498,0.3712,,0.38709998,0.35639998,0.2731,0.5254,1.1661,0.3415,0,0,0.4714,,0,0.38639998,0.6125,0,,2.3206,0.5447,0.6053,0.7547,0,0.71790004,0.6311,0.6082,0,,0,0.6821,0.3538,0,0.2998,0.499,0,,0.28129998,0.90230006,0.32869998,0,,0,0.6071,0.3066,0.0028,0.48860002,0.2975,0.5789,0.3984,0.6923,0.30110002,0.4772,0.55,0.6011,0.84459996,0.3185,0.5559,0.4036,0.74660003,0.41869998,,,0.7494,0.5245,0.0107,0,3.3077,0.6582,0.29930001,3,0.2833,0.491,0.33060002,0.1092,0.1659,,0,0.3543,,,,0,,1.8894,0.5399,0,0,0,0.1478,0,1.3998,0.2564,0.42810002,,0.5737,1.3869001,1.6207001,,,0.7586,0.8529,0.18620001,0.4586,2.7717001,0,0,0.6173,0.5391,,0.4321,2.0551,0.9314,0.8933,0.86230004,0,0.72400004,0.47439998,0.3758,0.6214,,0.2749,1.0682,4.4615,0,0,0.66440004,1.8069,0.38349998,,0.525,1.3724,0.1393,0,0,0.6476,0.7054,0.4027,,0,0.1879,0.26700002,0.1736,0.1736,0.6792,,,0.4428,0,,0.1026,0.5241,0.34080002,10.1048,2.7245002,0.111499995,0.52,0.288,0.5034,,0.4918,0.2669,0.9347,0.084,2.5154,0,0.5479,,,,,0,0.5065,0.5165,0.5338,,0.032,0.387,0.0776,0.84510005,0.28260002,0.4082,0,0.2227,0.66010004,0,0,0,0.2564,0.32369998,0.7361,1.64,0.6897,0.90419996,0.3064,0,0.8692,0,0,5.3783,0.4344,0.313,0.2301,0.4656,0.6164,1.2380999,0.47,0.6752,0.2649,0.66089994,0.64910007,0,0.6154,0.32669997,20.5,0.41919997,,0.19510001,,0.36330003,0,0.2699,0.38529998,,0.9412,0.3192,0.0581,0.4697,0.4046,0.90050006,0,0,0.41009998,,0.3169,1.1831,0.4396,,,0.3182,1.8113,0.4598,0.2075,0.18879999,0.2297,0.4301,0.7589,0.76339996,0.1282,0.67480004,0.5386,0.2932,0,0.10479999,0.62509996,0,0.32900003,1.4296001,0,0.42380002,0.55189997,0,0.22680001,0.2365,,0.5727,0.4209,0.3516,,0.5565,0,,0.26709998,,,0.6881,,0.5799,,0.48450002,0.4628,0.37759998,0.38459998,0,0.0585,1.1418,0.1046,0,0,,0.1074,0.5882,2.5306,0.3028,0.31219998,0.6358,0.3843,0.8552,0,0,0.3505,0.6217,0.7832,0.0759,,0.96769994,0.95339996,,0.5579,2.0291,0.6242,0.2839,0.4559,0.8246,0.5057,0.5876,0.0463,1.0179,,0.5146,1.2327,0.1004,0.0134000005,0,0.074099995,0.56189996,0.2725,,0.2539,3.9032001,2.3167,5.2027,0,0.78480005,0.5141,0.3348,0.4667,0.4652,0.5133,0.138,0.53,,0.2585,0,,,0.665,0.21190001,0.6321,0,0.2504,1.25,0.37919998,1.1049,0.4041,0.84559995,,0.4482,2.0759,0.3312,0.30629998,0.4989,0,0.4,0,,0,0.38919997,0,,0.35279998,,,0,0.1753,0.099700004,0.68050003,0.0678,0.069699995,1.1429,1.2321,0.2252,0.44169998,0,0.3822,0.6228,0,0,0.2867,3.1222,0,0.5563,0,0,0.4943,0,0.26770002,0.7571,0,0.039300002,0.2446,,0,2.7308,0,0.26299998,0.55939996,0,,0,0.24540001,9.2036,0.2885,0.26139998,0.1967,0.3102,3.5385,,0.6066,0,0.6529,4.1795,1.0963,0.155,,0.5147,,1.0303,0.3483,8.3158,0.32930002,,0.6054,0.6061,0.6122,0.8293,0.53349996,0,,0.5812,0.2202
beta,0.936302,0.893461,0.68602,1.425591,1.05806,0.701803,1.019165,2.33089,1.394588,0.883314,0.806087,1.032694,0.893461,0.466741,1.642615,1.306651,0.807779,1.312288,1.746899,1.095264,0.366967,0.735062,1.023111,1.023111,0.509582,1.298759,0.470253,0.281285,1.702367,0.292559,1.215332,1.296505,0.30496,0.199549,1.775084,0.549605,1.314543,0.80947,1.254791,1.295941,1.253664,0.966178,0.818489,1.094137,4.837655,0.792559,1.354002,1.276775,2.249718,0.865839,1.046786,0.683201,0.642051,0.673618,0.288049,1.425591,0.702931,0.917136,0.896279,0.996054,1.648816,0.447576,1.571589,1.019165,0.725479,0.844983,1.758173,0.99549,0.583427,1.157271,1.392333,1.096392,1.814543,1.039458,0.977452,0.643742,1.002818,0.870913,0.679819,0.216459,1.108793,0.492671,1.713077,0.952649,1.878804,2.003945,1.595828,0.980834,0.59301,1.545095,1.167418,1.219278,0.550169,0.950394,0.755355,1.080045,1.095264,1.050169,1.213641,1.417136,0.60372,0.418263,0.710822,0.55806,1.528184,0.845546,1.80947,1.81567,0.164599,0.24239,0.382187,0.148252,0.553551,1.152198,0.556369,0.941939,1.775648,0.832018,1.838218,1.709131,0.15558,0.982525,0.867531,1.111048,1.13416,,0.660653,0.296505,1.201803,1.199549,0.667981,1.792559,0.784667,1.40868,1.179255,0.944193,1.267192,0.852311,3.293122,0.953776,2.29425,0.18151,1.782412,1.381059,1.381059,1.843855,0.533821,0.656708,0.369785,0.41319,1.333145,,0.625704,0.234498,0.568207,1.341037,2.480834,1.521984,1.116685,1.331454,0.937429,0.498872,0.922209,0.927282,1.523675,0.489853,1.944757,1.202931,0.385569,0.612739,0.684892,0.828635,1.590191,0.384441,0.342164,0.498872,0.414881,1.59921,0.815107,0.218151,1.285794,1.030439,1.271702,1.19673,0.926155,1.392333,0.753664,1.709131,0.262119,1.132468,0.767192,1.48027,1.561443,1.761555,1.021984,1.232243,1.107666,1.213262,1.786922,,,1.232243,2.213077,1.630777,0.991544,1.474633,,0.776775,0.5885,1.354565,1.086245,0.545095,1.11443,1.072153,1.416009,1.094701,2.739571,1.630777,0.984216,0.884441,1.543968,0.661217,0.875986,0.260992,2.223788,1.228297,1.278466,1.746335,1.399661,1.117249,1.043404,-0.044532,1.211386,1.486822,0.986471,0.935738,1.482525,0.904735,1.072153,0.900789,0.987598,1.136978,1.11443,1.076099,1.436156,0.722096,0.632468,1.254791,1.107102,0.869785,0.998872,0.987034,0.97576,1.255918,1.52593,1.454904,0.838218,0.505073,0.888387,1.011273,0.244081,0.691093,1.189402,1.142051,0.885005,1.070462,0.633596,1.537767,1.031003,0.507328,1.182074,0.972378,1.135851,1.003382,0.34611,1.641488,0.746466,1.195603,1.193348,0.721531,1.336527,1.558624,0.99549,1.653325,0.267192,2.142051,0.750281,1.182074,1.73337,0.980834,0.76381,1.513528,1.463359,1.209131,3.255355,2.146561,0.463359,1.677564,0.842164,0.784103,1.486471,1.157835,0.461104,1.218714,0.625704,0.814543,0.648816,0.427846,1.284103,1.027057,2.295377,1.612739,1.261555,0.868094,0.634723,1.435738,0.961668,0.602593,1.115558,1.239571,1.467869,1.824126,0.770011,0.844419,0.811724,1.97576,1.24859,1.015783,0.953776,0.259301,1.475197,1.475197,0.176437,1.226606,0.821871,0.231116,1.428974,1.074408,0.787485,1.191093,2.746899,1.060879,1.366403,1.591882,1.110484,1.082299,1.904171,1.095264,0.643742,1.959977,0.790304,1.139797,1.076099,1.668545,0.879368,1.564261,1.094701,1.257046,1.202367,0.56257,1.275084,1.197857,0.641488,0.776775,1.518038,0.277903,1.864148,1.259864,0.818489,1.118376,0.782412,1.57779,0.396843,0.532694,0.903043,1.700676,0.563697,0.091319,1.519729,2.228297,1.483089,1.308906,1.328072,1.165163,1.310033,1.297632,0.794813,0.650507,0.844983,0.396843,1.621195,0.636978,0.279594,1.581736,1.461104,0.505636,1.007328,0.770574,2.764374,1.043968,1.284667,0.270011,2.129086,1.145434,1.208004,0.679255,1.228861,1.069898,1.337091,1.346674,1.53213,1.307215,0.373731,1.198421,1.528184,0.768883,1.59921,0.589627,0.835963,2.198985,1.735062,1.164599,1.228297,0.399098,1.159526,0.53213,1.198421,0.918827,1.37655,2.220896,1.002254,1.060315,1.264937,1.085682,1.680947,0.976888,0.839909,0.784103,1.021984,1.292559,1.591319,0.765501,1.388951,0.837655,0.652762,0.683765,0.609921,1.552987,1.09921,1.042277,1.042277,1.096392,1.46505,0.722096,1.023675,2.249718,1.112739,1.686583,1.945885,1.169673,1.180383,0.854565,0.755918,0.389515,0.78354,0.973992,1.465614,0.916572,1.291995,0.697857,0.835963,1.638105,0.395715,0.445321,1.075535,0.726606,0.912063,0.191093,1.094701,0.935738,1.135851,1.632468,0.937993,1.368094,2.016347,2.042841,1.767756,0.741262,2.206877,0.307215,1.755355,0.88275,1.020856,0.983652,1.578917,1.338782,1.627959,0.744644
trailingPE,20.275595,58.64093,22.055992,58.947247,30.834705,26.960337,58.30227,114.68835,21.011793,,6.8979077,50.063206,31.873676,29.997068,,35.623955,38.14548,28.168947,20.315344,34.88731,19.683542,7.014424,33.55194,33.664207,104.010414,90.62043,38.115017,22.918491,,21.359398,27.715412,,55.002365,43.20822,12.617544,,31.063492,17.999031,33.612137,45.11037,72.34826,15.781266,25.601803,28.88202,,29.747574,35.77439,19.572702,17.418863,17.231478,30.040277,28.880281,19.832617,18.631578,19.564417,156.47023,29.729214,15.490059,36.9201,23.569832,,62.66108,13.206897,8.299737,43.588,85.56088,19.265846,4.8846493,8.037066,22.341005,,59.15546,21.34091,15.367072,12.936661,,71.986855,35.969223,27.523779,32.086464,29.242935,9.141471,40.454987,15.578252,22.67386,,65.316055,28.552717,19.745337,18.293066,26.02564,27.418417,16.69141,,28.624462,25.340393,21.5887,51.96717,,154.57664,29.49287,27.809769,14.377369,15.889962,42.232727,16.587046,10.058422,14.547092,25.754597,22.568634,27.911667,22.931486,27.290155,28.13195,27.207668,22.049326,13.883842,17.665026,,,19.094498,35.505398,59.194355,40.150826,142.35294,,42.25277,104.35625,25.434843,21.736876,10.973554,11.700468,45.51613,,16.447073,30.142223,,,,130.57875,,65.63937,22.818792,14.121884,12.678671,13.845215,22.88342,25.467953,,33.338467,26.90196,,18.378149,33.924515,65.546074,,,27.888506,34.49897,6.7947297,,65.883575,66.822136,27.160686,23.444445,15.814832,,47.466816,143.4154,23.795677,27.743202,144.48048,75.22019,19.735697,25.157536,13.989952,17.230452,,24.005934,33.459026,47.480717,32.157684,30.72454,32.39726,38.681602,40.737633,,12.626061,20.87994,23.196428,85.91946,30.557158,36.497116,29.33155,29.761904,,44.09108,46.644863,24.001137,10.593833,10.4453745,12.949685,,,21.492395,64.31703,13.16649,27.727274,16.402033,19.30045,,59.692158,13.658858,113.98685,12.875425,35.363743,,11.1174555,9.569308,32.985817,14.897876,,15.549033,25.939968,,10470,,,16.387173,24.7124,28.95227,29.488235,,,11.579842,13.017881,16.52602,10.888264,39.585712,80.94317,40.27523,30.908264,69.72646,,,8.884321,27.855566,13.253996,39.607372,14.951657,33.53082,50.24422,83.24675,14.760563,101.99695,187.38411,55.847828,41.185394,,28.764238,15.382478,23.012579,53.916668,14.939366,18.33051,31.236532,18.832561,13.295751,35.096676,20.287415,7.4046555,290.81635,29.502554,,9.953973,,26.050879,23.513105,24.640036,30.13853,,25.564705,23.561031,10.575098,23.803993,11.279694,60.159904,,17.916243,15.856096,,19.982674,23.33524,11.757268,,,75.21554,221.71004,28.386936,24.829393,9.98537,48.47666,32.513718,31.793758,32.660564,13.035837,33.791412,17.767225,7.513513,48.238754,8.89379,56.070206,25.88533,33.939346,45.47027,2.5483341,16.193308,26.96555,37.638573,28.41645,9.771806,,37.410553,59.764107,23.137363,,14.851173,78.85013,,19.374609,,,38.156567,,78.73298,,31.010948,15.095804,21.017902,,,1.8649244,37.269505,85.5828,19.104849,20,,38.980095,13.449831,22.575342,17.515722,21.653658,26.121958,29.161572,31.25517,139.40717,72.70566,25.23084,11.059947,28.399998,35.29141,,23.86216,15.548126,,14.836927,92.0365,7.7501197,42.7026,31.506607,14.473684,11.113631,26.619532,10.791334,44.903713,,15.440318,34.459167,9.126436,,38.848183,24.752035,32.30752,15.389643,,15.181819,,50.283096,170.61371,19.011215,19.102402,30.980885,45.292984,21.377499,28.23603,75.91568,27.334414,126.73255,,33.905983,99.59089,,,14.197089,15.162698,10.022285,149.12492,35.782116,18.432175,29.247915,22.394365,16.168303,20.374834,,30.056572,122.79747,10.828685,39.766735,50.51193,17.39728,13.224069,54.10002,,44.68642,15.460579,41.234238,,24.903887,,,37.43092,47.69755,27.201332,29.683893,37.91032,36.98868,64.6483,103.7265,20.158533,,64.00557,15.333334,,,91.15241,10.365188,88.555305,55.23819,14.116479,,,25.909554,,19.225689,31.062216,17.387865,12.843974,4.588513,,59.017002,53.774834,28.338142,50.724747,13.583711,21.090748,,,41.71031,142.60715,30.414574,37.14124,29.415665,23.969368,72.31213,,33.987576,28.083727,25.223097,66.87664,25.876455,68.94189,,12.352245,,43.69301,13.98608,114.26966,24.406364,,24.674261,5.165016,54.0768,76.66937,30.484901,40.51935,,16.18816,47.89625
forwardPE,18.295238,25.202272,8.272354,52.590195,27.4763,21.69774,41.443153,46,15.24076,13.174194,8.985655,30.133152,25.541077,18.671534,-198.83334,31.655941,62.410645,9.416601,53.65986,24.093817,20.492249,8.191333,28.321318,28.406815,8.701525,68.313866,17.544117,20.809017,-2.3289962,17.778017,16.802986,8.855504,42.30182,37.19576,9.884552,10.967249,27.628235,13.119929,30.476078,24.302702,45.20739,12.103763,18.532648,23.65401,114.399994,-383,27.099306,14.341122,28.868687,13.465375,27.425945,24.74304,12.478099,8.795031,17.782528,47.91165,27.056873,13.354908,44.64935,20.658264,,29.029852,12.827751,9.737789,21.695774,17.407658,16.478561,50.93655,9.600864,19.36971,133.97314,35.50909,10.042781,41.86383,20.301207,8.258713,15.062081,23.993378,21.940758,8.890625,39.299652,16.218542,9.476191,8.418832,16.823845,-4.879214,35.14626,23.337397,18.506172,18.275862,19.723467,14.416394,11.447272,17.25,22.748447,26.377953,19.26033,31.224869,32.61977,60.287777,13.082602,28.276316,9.96691,20.31496,38.009453,12.15727,9.09331,11.569892,18.884012,25.413017,24.995523,21.491228,24.962086,19.070353,26.365326,17.072916,12.705289,13.84556,14.434673,60.075756,17.23608,19.799606,26.361973,34.375378,19.516129,20.876404,35.453022,71.354706,21.189814,17.034712,8.805039,8.542142,31.530725,17.720589,13.347509,24.187092,-75.77551,21.572054,21.933332,94.00893,10.2153845,133.36447,10.345782,7.654655,6.8313437,11.926317,21.45204,16.430796,20.322998,30.1051,20.012966,20.345724,18.238764,17.769674,65.1017,17.619719,6.0112042,13.675638,23.527056,13.2405405,39.523453,13.868709,38.076576,20.482353,19.328243,18.285234,22.25,26.735203,86.99164,59.37255,59.23077,38.12361,64.84259,16.87616,22.78406,9.593192,14.097643,181.66666,22.136816,34.04532,26.014084,14.194714,25.98266,30.915033,44.89,15.975174,21.745098,11.391892,10.687023,22.054329,20.938889,19.994488,16.321888,20.440994,15.392423,8.32381,32.629837,29.841003,18.008528,11.595833,11.676597,7.1993012,12.957317,18.891474,22.671286,37.669132,12.856153,27.11111,16.628727,7.4079175,16.833332,9.025526,12.25887,23.68944,9.279186,22.305176,23.382353,8.793549,8.413603,20.903372,12.391925,,16.775726,22.52744,-19.804256,6.8881583,46.46575,73.83333,15.129386,21.95362,25.602028,27.543957,-19.929577,,8.702128,18.667738,11.298078,15.234165,34.330975,68.98811,28.990566,26.89182,46.491497,21.965147,25.291428,9.953947,21.320675,10.037768,13.884831,11.766304,18.191559,36.331245,55.025604,7.7438426,42.170166,21.626753,19.029629,36.07432,,22.306665,13.610071,16.262222,16.003534,12.631753,13.109091,22.301775,16.2525,11.189781,19.265339,17.872122,29.9,15.48913,18.760248,12.852589,12.059479,15.861112,14.485627,10.647583,17.317892,23.05298,36.53595,16.524714,15.561241,9.194176,18.254705,4.6240835,27.853039,-36.23497,12.80292,14.089585,14.624137,17.312933,11.467697,11.498539,-8.484848,-35.425922,66.27913,46.77647,21.68522,25.637068,16.8,39.104115,31.612736,26.645697,25.639519,9.613469,19.025908,12.64937,7.315789,40.839855,-16.801283,18.5,10.132013,28.202414,57.354546,12.934894,10.371429,20.33452,32,26.49903,11.247083,16.905174,19.453487,47.37278,20.777962,-45.592594,12.90796,54.1286,12.496933,13.609271,33.69231,,30.220001,9.156977,36.037937,17.703703,21.519215,15.006568,12.651528,,-3.6018016,7.412622,17.06169,44.975086,13.41535,19.349503,-7.4120874,30.552748,10.786618,11.365517,12.214912,16.719397,18.948906,18.851093,29.620914,93.50238,42.067684,19.853931,12.009434,23.745033,15.388889,11.162414,12.787457,13.485062,18.275965,16.485147,18.56783,17.050264,36.98259,21.159761,11.849593,8.112583,23.57022,16.254799,77.13077,6.465812,17.070381,31.234638,7.6748676,13.211704,15.417363,15.92381,18.818298,12.418905,12.844007,12.327299,,41.36301,38.422764,14.219847,10.716312,26.791328,38.648354,19.674194,26.176533,70.268295,27.757534,25.1709,-5.6614666,28.498737,68.81067,101.78948,24.349398,10.472693,14.0809965,16.201242,92.84229,27.18581,15.905883,16.343422,-56.56731,14.984402,18.33735,207,19.595366,29.57622,10.502318,28.704247,25.645374,21.158268,9.31962,35.472404,22.082018,45.18467,13.8429,29.833334,10.988417,20.685474,18.539364,11.633803,33.927174,29.136005,21.969007,27.037931,16.596296,22.450972,31.900484,22.984848,20.046368,,35.02929,12.887932,,50.202248,70.48809,9.565354,,25.291128,13.629393,119.5,97.6,21.70651,-9.432625,18.259684,19.402843,13.32929,12.160631,4.109405,5082,28.397707,211.8261,33.636986,37.6372,12.032064,18.779232,28.96587,,30.02651,159.72,27.98996,19.782478,16.242563,26.083334,7.245174,29.02675,26.220043,24.39394,23.965086,12.93401,79.641975,55.611332,7.046511,10.39801,12.234782,27.644232,10.179947,17.384617,16.479338,-39.376034,23.336699,9.95909,39.63473,35.88593,26.313282,24.669214,18.288221,11.816358,39.01408
dividendYield,0.034,0.012999999,0.051599998,,0.0145000005,0.0053,,,0.0069,0.028099999,0.0301,0.0069999998,0.0198,,,0.012,0.025799999,,,0.0112,0.0287,0.0216,,,0.0861,,0.0394,0.026300002,,0.0359,0.0153,0.0332,0.0196,0.0139,0.0231,0.0175,0.0061000003,0.0287,0.0091,0.0184,,0.0124,0.0091,0.0186,0.0087,0.0535,0.0069999998,0.0115,,0.0296,,0.0156,0.0197,0.0734,0.026099999,,0.0217,,0.037,0.0168,0.039300002,0.0062,0.0269,0.0327,0.0127,0.0136,0.0185,,,0.0216,,,0.018099999,0.0398,,0.0292,0.033800002,0.0159,0.022,0.0234,,0.0286,0.0047999998,0.0375,,,,0.0239,0.0187,,0.0121,0.0188,,0.0256,0.0099,0.0358,0.0154,,0.0602,,0.0212,0.0112,0.0002,0.031,0.0077,0.035099998,0.0395,0.048299998,0.0116,0.0219,0.020299999,0.026600001,0.0311,0.0115,0.0207,0.0186,0.0539,0.0307,0.0139999995,0.0434,0.0395,0.015,0.0002,,0.0242,0.0139999995,0.0073,0.0319,0.0114,0.0234,0.0301,0.0107,0.0032,0.0111,,0.0117999995,,0.0082,0.0324,,0.0397,0.031400003,0.0235,,,,0.0068,,0.032,0.0081,0.016,0.0506,0.0334,0.0417,0.025,0.019299999,,0.0273,0.0247,0.0128999995,0.0089,0.0402,,0.0057,0.026600001,0.0349,0.033,0.0091,0.0146,0.0398,0.0327,0.0088,,0.0399,0.0256,0.026500002,0.0365,,0.0117,0.0319,0.0942,,,0.0211,0.047199998,0.0094,0.0095,0.0427,0.0557,0.0062,,,0.0179,0.024300002,0.0155,,,0.0039,0.0114,0.0166,0.016900001,0.0525,0.0348,,0.021300001,,,0.0041,0.0332,,0.0326,0.045300003,0.008,0.0041,0.0224,0.015,0.0113,0.044,0.028399998,0.0292,,0.0484,,0.0218,0.0215,0.0458,,0.0616,,0.0221,0.0184,0.0186,,,0.0345,0.0062,0.0511,0.0287,0.010199999,,0.0074,0.0224,,,,0.0291,0.0119,0.0556,0.041500002,0.0471,0.0275,0.0068,,0.0388,,,0.0963,0.0106,0.0073,0.0081,0.031,0.0275,0.0228,0.031400003,0.037,0.0093,0.035099998,0.048299998,,0.0306,0.0428,0.073699996,0.0148,0.0502,0.0222,,0.0178,,0.012,0.0128,,0.0368,0.0136,0.013200001,0.020299999,0.038,0.0153,,,0.028299998,0.0058999998,0.016,0.0514,0.0373,,0.0594,0.0045,,0.0162,0.0086,0.010299999,0.005,0.0135,,0.024,0.0099,0.0209,0.0323,0.0401,,0.0004,0.0113,,0.0106,0.0317,,,0.0221,,0.0082,0.0242,0.010199999,0.017,0.0078,0.0155,,0.037,,0.0452,0.025999999,0.0114,0.0113,0.0185,0.0149,0.0083,0.035099998,0.0156,0.0306,0.0189,0.0274,,0.039300002,0.0306,0.0011999999,,,0.003,0.0029,0.0436,0.11350001,0.0168,0.014400001,0.024300002,0.013200001,0.0274,,,0.0143,0.056599997,0.028499998,0.0022,0.0184,0.0414,0.0626,0.0585,0.0399,0.023,0.0357,0.0068,0.0150999995,0.056900002,0.045700002,0.0227,0.0043,0.0231,0.0582,0.0337,0.0358,0.011,,,0.0029,0.0178,0.0179,,0.0167,0.0272,0.0465,0.0504,,0.040999997,0.0172,0.0074,0.0223,0.0173,0.0056,0.0056,,,0.007900001,,0.0062,0.025,0.0479,0.014199999,0.0321,,0.0074,0.0641,0.014199999,0.0602,0.028499998,0.042,,0.0150999995,0.0186,0.0306,0.0082,0.0099,,0.0299,,0.025,,0.026199998,,,0.015800001,0.0174,0.0161,,0.0037,0.0038,0.025999999,0.0018000001,0.002,0.0177,,0.0123000005,0.014400001,,0.0253,0.039,,,0.0293,0.0367,,0.0394,,,0.0191,,0.0149,0.0247,,,0.053200003,0.0771,,0.0369,,0.0052,0.0418,,0.0231,,0.0063,0.0531,0.0098,0.0073,0.0068,0.014400001,0.0498,,0.018099999,,0.026300002,0.015700001,0.0378,0.0023,,0.0431,0.019,0.0296,0.025899999,0.0787,0.013300001,,0.0248,0.0456,0.0115,0.011,0.0179,,0.0066000004,0.0355,0.0047999998
enterpriseToRevenue,3.648,6.535,6.327,14.447,3.374,7.228,17.813,11.636,1.233,3.69,1.545,6.766,7.011,5.737,1.518,5.179,17.117,4.646,15.16,4.278,5.812,0.772,6.229,6.252,4.832,4.551,2.013,5.521,1.596,4.962,3.229,1.07,17.141,10.33,1.465,0.109,6.174,6.077,4.87,9.941,17.511,0.588,4.936,3.095,3.226,10.748,7.381,4.06,2.702,0.565,7.897,3.925,0.735,2.309,5.952,15.944,5.098,2.569,13.464,2.095,1.01,3.43,-0.348,-3.714,3.658,4.814,0.682,6.93,2.931,6.776,2.416,9.398,1.143,10.584,5.523,4.158,8.247,4.02,0.895,5.496,12.23,2.347,2.429,0.124,1.573,3.275,6.009,2.823,3.322,0.918,1.246,3.558,0.428,2.27,4.154,3.319,3.478,4.966,1.808,6.576,2.302,4.803,0.662,1.788,5.74,3.301,-3.827,2.606,4.893,3.933,12.789,4.946,7.762,2.357,4.936,3.117,0.63,2.386,4.487,2.356,4.086,6.199,7.496,11.925,3.388,2.019,0.998,16.821,7.901,1.862,0.613,1.423,8.863,2.669,2.093,3.408,1.93,3.517,1.846,16.229,4.384,15.596,8.149,9.393,8.58,2.111,2.002,1.262,6.399,4.905,3.07,1.476,3.67,5.75,19.05,3.318,0.744,2.186,2.989,3.287,4.645,3.701,11.921,5.467,2.988,4.234,2.602,6.069,13.132,12.06,14.1,6.506,12.513,4.453,5.301,0.899,2.416,3.478,1.56,15.123,1.14,4.036,9.164,4.936,12.928,1.451,8.544,4.716,3.494,10.209,6.447,10.072,2.913,1.382,3.817,1.252,7.147,3.964,2.287,1.645,1.626,1.156,3.724,1.077,5.146,3.827,,1.755,2.793,1.318,0.911,3.443,2.448,8.671,-3.77,2.03,1.388,1.285,0.857,3.306,1.539,10.16,1.13,4.321,4.672,0.949,16.898,0.498,5.35,2.666,4.513,2.752,5.253,1.099,0.543,0.552,4.321,0.904,6.454,15.599,9.746,5.593,13.125,6.626,5.31,2.616,13.047,2.121,1.105,1.611,3.13,11.41,18.841,2.141,8.066,4.046,4.416,7.072,1.141,1.633,2.3,4.877,1.848,-2.684,1.615,7.928,2.255,5.05,5.153,2.894,10.758,5.649,6.568,2.535,0.333,1.581,1.942,2.072,5.573,3.325,9.183,1.801,1.581,1.323,6.275,0.521,5.446,4.139,1.267,1.745,1.405,1.577,1.455,-0.173,2.652,0.71,31.648,16.389,4.104,4.493,2.301,20.779,5.175,9.197,10.882,0.151,5.909,4.752,1.77,9.488,5.067,8.208,3.146,10.44,11.421,1.159,1.804,3.81,9.603,10.495,-3.501,1.405,4.426,21.383,4.614,0.841,1.946,9.465,1.536,4.704,1.389,1.391,10.956,2.253,5.684,4.276,7.349,3.87,1.797,5.452,5.202,1.492,0.932,21.763,2.016,3.315,3.14,6.01,1.267,3.337,5.056,1.909,2.087,3.06,8.194,27.68,10.902,3.247,3.399,3.401,5.056,1.866,5.282,5.041,0.554,4.59,2.334,6.108,3.835,2.775,6.014,0.914,5.055,1.331,21.49,0.514,4.753,16.435,1.173,1.187,4.988,0.926,7.238,2.451,1.462,0.774,1.575,18.065,11.298,5.887,3.657,3.963,10.353,1.227,4.857,8.998,9.582,3.133,7.022,11.708,11.957,21.837,1.629,1.655,2.163,5.815,23.762,4.186,10.211,6.711,10.787,2.654,5.872,1.955,2.595,5.725,-2.218,5.785,6.602,4.81,3.41,9.34,0.893,4.288,5.118,4.879,2.253,1.131,3.342,0.31,4.681,7.62,5.599,10.574,1.06,6.749,4.798,2.425,1.753,2.364,9.229,1.095,3.973,9.35,14.399,0.757,14.182,2.664,4.223,1.943,1.733,8.369,1.39,1.367,2.006,3.036,1.236,0.465,0.476,4.9,7.854,18.37,13.261,2.955,8.405,4.165,1.791,18.937,10.743,4.338,1.524,2.214,0.895,0.528,4.696,4.266,6.651,5.986,-0.177,8.576,10.239,1.175,2.179,1.148,3.802,0.902,6.448,3.394,6.252,5.096,0.894,10.559,3.81,7.463,4.759,5.321,2.173,12.723
profitMargins,0.15653,0.10496,0.18157,0.25884,0.115229994,0.2889,0.3105,0.101660006,0.0484,-0.03672,0.21097,0.13229999,0.21303,0.18014999,-0.13959,0.11767,0.28799,0.16317,0.75995004,0.11124,0.19007,0.10679,0.20798999,0.20798999,0.03565,0.04994,0.059899997,0.15373,-0.25558,0.12852,0.10516,-0.10869,0.24076,0.17625,0.15329,-0.01795,0.18773001,0.29423,0.13997,0.20143999,0.2488,0.04219,0.16556999,0.11246,-1.6782899,0.17364,0.20914,0.21038,0.13936,0.025339998,0.32062,0.11439,0.04256,0.06421,0.21319,0.10258,0.1707,0.13719,0.27861,0.07802,-0.4891,0.045450002,0.25695,0.26214,0.079,0.05106,0.03751,1.4791299,0.35633,0.29833,-0.07345,0.15679,0.041139998,0.35911,0.36644,-0.00112,0.10704,0.102740005,0.02962,0.14857,0.42678002,0.18732001,0.07883,0.00629,0.03541,-0.734,0.09251001,0.07596,0.14685,0.04476,0.04077,0.10462,0.021189999,-0.067329995,0.14279,0.07001,0.29799,0.056950003,-0.110249996,0.04078,0.06553,0.16442,0.03376,0.11338,0.13179,0.21764,0.20741,0.20084,0.1852,0.16141,0.43798,0.114420004,0.24896,0.08781,0.1665,0.098950006,0.21764,0.087749995,0,-0.0563,0.11057,0.1345,0.113970004,0.30391002,0.02711,0.044239998,0.024,0.13095,0.26083001,0.081190005,0.029979998,0.11687,0.18051,-0.02596,0.07318,0.076069996,-0.42881,-0.02349,-0.74279,0.12694,-1.42547,0.17882,0.18201,0.1336,0.1336,0.10012,0.07477,0.036059998,-0.0044299997,0.11984,0.10024,-0.06136,0.11298,0.088920005,0.22498,-0.14728,-0.20442,0.05558,0.07534,0.45564997,-0.07516,0.026589999,0.18177,0.23506,0.11707,0.13574,-0.02705,0.11288,0.07671,0.35971,0.37001,0.04384,0.16833,0.1275,0.13568,0.07456,0.07142,-0.30642998,0.0706,0.32277,0.01695,0.13078,0.32005,0.15122,0.21744,0.02498,-0.00827,0.23354,0.06763,0.28332,0.06007,0.29545,0.07362,0.03848,0.10642,-0.00124,0.18505,0.08213,0.08364,0.13001001,0.13001001,0.14352,-0.00735,-0.073860005,0.25893998,0.051269997,,0.045229997,0.12783,0.02925,-0.01038,0.054780003,0.15382,0.06746,0.17334,0.053829998,-0.26604998,0.06676,0.08513,0.0744,0.06696,0.13491,0.06142,0.14871,-0.65875,4.0000003e-05,-0.14616,-0.03341,0.29531,0.09912,0.14991,0.0959,-0.22089,0.03611,0.045149997,0.05583,0.21995,0.0661,0.15945,0.19198999,0.21452999,0.16773,0.19703,-0.13618,-0.03975,0.28102,0.35511002,0.105340004,0.023699999,0.069120005,0.07438,0.23778999,0.24451,0.116689995,0.09036,0.01606,0.03191,0.17448,0.041079998,0.05313,0.10782,0.21008,0.028269999,0.26026,0.08924,0.21677,0.08803,0.22909,0.14854,0.12495,0.83813006,0.01022,0.21761999,-0.01916,0.02033,-0.0177,0.06781,0.06791,0.23602,0.09238,-0.12669,0.05449,0.051,0.099700004,0.24006,0.044650003,0.08288,-0.31931,0.05116,0.101780005,-0.087299995,0.0712,0.04204,0.26622,-0.32077998,-0.10423,0.42733002,0.05878,0.11908,0.15394,0.21271999,0.43129003,0.13748999,0.30032,0.25877002,0.009509999,0.15798001,0.24325001,0.089099996,0.19363001,0.2161,0.11622,0.12536,0.32285,0.19221,0.056989998,0.059359998,0.11731,0.26989,0.34324002,0.21688999,-0.13045,0.103760004,0.34275,0.17419,-0.36626998,0.14473,0.11781,-0.011089999,0.23189,-0.11474,-0.11474,0.21435,-0.02377,0.07205,-0.049569998,0.2027,0.22325,0.06939,1.31796,-1.14589,0.43904,0.02151,0.25892,0.118240006,0.1496,-0.75196,0.15866,0.070989996,0.07238,0.26134002,0.073860005,0.07107,0.087469995,0.26264,0.20207001,0.15479,0.118710004,0.27025998,0.1027,0.12742,-0.0012899999,0.17854,0.26572,-0.03514,0.18028,0.022739999,0.59594,0.088479996,0.07848,0.20218,0.08148,0.18919,0.12132,0.35914,-0.0010800001,0.19744,0.4718,0.12011,-0.12404,0.12714,0.03452,0.2209,0.13216,-0.01736,0.105450004,-0.030050002,0.24944,0.043909997,0.34143,0.18608999,0.100530006,0.22454001,0.06078,0.16168,0.11684,0.28893,0.02391,-0.88604,0.33187,0.12214,-0.00695,-0.40153,0.10024,0.09566,0.35478002,0.16598,0.10406999,0.2725,0.24281,0.21927,0.15437001,0.1573,-0.12949,0.069759995,0.039470002,0.20916,0.13972999,0.12349,0.32345,0.23324,0.17875999,-0.00043000001,0.05114,0.35921,0.141,-0.09222,0.0416,-0.0198,-0.4241,0.123909995,0.14658,0.23628001,0.36236,0.02263,0.17121,0.06718,0.021089999,0.076230004,0.05671,0.13698,0.07141,0.21112,-0.36073002,0.16709,0.04955,0.10862,0.04413,0.257,-0.16598,-0.16598,0.27402002,-0.19846001,0.06625,0.05708,0.106929995,0.07745,0.08,-3.0000001e-05,0.08497,0.08818,0.64198995,0.24334,0.14261,0.44911,-0.00533,0.023139998,0.49738997,0.06532,0.12553,0.043520004,0.0585,0.033010002,0.00327,-0.0438,0.10035,0.21958,0.16605,0.05353,0.21898001,0.153,-0.00204,0.14423999,-0.039300002,0.069970004,0.0458,0.02832,0.11468001,-0.61067003,0.12982,0.1238,0.20583001,0.04596,0.18917999,0.10942,-0.0215,0.1879,0.2542
enterpriseToEbitda,13.316,26.918,13.999,46.767,20.67,19.098,48.594,70.206,11.923,10.864,7.896,26.772,18.091,18.152,-12.782,19.677,27.523,8.773,82.242,19.003,14.934,4.195,22.246,22.328,8.403,36.23,13.421,12.47,-6.94,13.716,,5.393,27.456,20.464,5.628,8.382,22.076,12.007,21.679,23.878,53.328,7.962,14.989,17.936,5.772,18.662,26.199,14.659,23.759,13.598,23.941,17.171,7.85,7.265,13.425,89.57,19.494,11.196,21.388,14.537,8.61,20.45,,,15.298,18.037,9.939,35.886,5.848,18.011,-32.046,36.48,7.491,18.367,26.308,9.741,18.205,19.826,20.088,11.617,42.928,12.6,,7.161,26.084,-52.102,27.266,16.303,12.216,13.448,14.43,19.079,7.696,9.679,18.494,8.779,,13.386,11.952,70.05,27.868,20.477,9.193,11.401,26.905,10.427,,,19.926,17.3,19.481,14.253,22.964,12.604,18.412,10.203,,11.448,5.384,7.996,11.397,16.501,26.205,27.985,16.232,12.533,21.696,31.054,14.878,14.743,8.782,9.572,32.226,36.982,9.964,20.458,-929.331,19.157,-6.213,82.904,6.033,30.955,,23.36,21.337,9.439,17.097,12.187,14.298,26.377,16.295,10.038,14.585,12.377,31.872,13.554,5.123,11.55,20.719,10.502,21.892,10.836,37.132,19.883,14.122,11.432,5.416,22.829,30.849,19.037,20.788,34.471,52.545,10.569,15.562,,9.024,-45.167,15.69,23.428,11.963,18.559,23.947,21.579,21.399,14.739,24.146,,15.45,,20.109,19.529,12.761,11.828,13.974,23.246,34.681,17.518,14.041,6.577,6.502,5.872,16.639,46.724,18.792,24.495,,20.444,12.926,16.136,12.302,12.56,11.559,22.701,,15.294,14.537,8.744,5.749,18.211,8.145,25.267,14.184,16.939,12.445,5.463,56.467,18.513,13.176,16.65,19.859,20.51,106.736,8.003,6.302,6.881,,7.998,24.474,55.181,29.641,21.524,42.202,-63.081,33.338,5.515,21.183,10.141,7.143,10.213,14.746,36.937,62.769,8.455,30.876,25.015,12.833,27.047,13.652,12.331,9.984,14.463,14.088,,10.434,15.146,13.187,,19.937,12.87,18.628,11.644,17.687,9.84,6.812,9.877,10.368,10.104,18.262,15.645,72.674,13.026,14.961,9.97,18.815,6.678,17.501,-21.654,11.535,11.548,28.796,12.458,11.731,,4.954,19.09,54.768,43.27,14.799,15.3,11.66,35.889,23.953,24.548,23.108,9.263,24.008,11.839,14.392,34.777,-142.462,21.874,7.743,22.546,20.293,8.546,7.831,18.839,26.339,20.725,,10.747,16.743,38.768,16.484,26.444,9.605,53.663,11.304,9.92,14.662,14.691,20.72,14.9,45.752,11.543,15.823,,14.512,15.074,-38.825,6.977,8.793,62.824,13.509,14.189,7.895,21.558,8.231,11.771,11.809,16.806,10.896,16.105,20.363,93.167,54.913,18.048,,18.531,19.242,10.38,13.3,11.803,32.186,10.786,7.796,,31.249,17.776,10.366,8.052,18.279,8.047,31.588,47.619,11.674,23.834,7.281,19.952,15.655,11.79,22.35,10.639,16.048,,10.616,19.85,19.175,16.249,,13.766,32.179,12.901,24.758,43.333,26.79,53.821,-52.104,21.153,110.713,32.636,8.891,9.783,10.765,14.901,191.001,22.658,14.11,17.886,19.25,10.699,13.347,-64.982,16.125,44.563,,22.376,24.341,,,43.252,21.291,12.79,10.967,27.781,14.365,12.172,16.564,3.169,23.56,29.222,17.207,22.778,11.904,23.003,27.477,41.323,13.422,15.664,22.184,9.139,,109.025,73.54,6.507,23.19,23.286,,70.459,62.823,16.078,-9.637,13.209,18.611,11.163,7.443,3.648,11.258,29.642,19.199,26.667,29.702,7.982,18.098,35.812,5.871,27.78,29.338,16.437,15.933,14.565,13.245,16.008,33.597,15.25,19.827,16.047,,19.873,43.822,9.676,8.609,7.302,16.286,8.072,11.864,14.288,-138.381,14.531,6.756,33.528,24.435,21.915,26.261,19.443,,29.897
forwardEps,9.45,4.4,12.19,5.1,8.86,3.54,11.17,1.84,9.47,1.55,4.88,3.68,10.59,5.48,-0.24,4.04,2.63,12.89,8.32,4.69,2.58,12.23,61.31,61.33,4.59,45.37,0.68,3.77,-5.38,4.64,6.7,4.36,5.5,4.24,18.19,9.16,4.25,17.01,4.18,5.55,7.04,25.25,10.72,2.37,0.1,-0.08,4.33,5.35,3.96,3.61,9.79,4.67,10.73,3.22,5.38,5.32,6.33,83.43,3.85,7.14,,3.35,2.09,3.89,3.55,13.32,7.23,11.19,25.43,34.73,1.49,56.12,3.74,2.35,1.66,7.46,25.45,6.04,4.22,1.92,2.87,3.02,8.82,6.16,5.62,-3.56,2.94,7.38,4.86,3.19,6.69,9.15,5.5,1.36,3.22,1.27,2.42,20.99,2.63,21.44,11.38,3.04,20.55,3.81,9.52,3.37,5.68,2.79,6.38,7.99,6.7,2.85,2.11,3.98,3.23,2.88,3.97,2.59,3.98,0.66,4.49,10.13,12.57,3.33,1.86,1.78,10.75,2.34,4.32,13.54,7.54,8.78,7.16,6.12,8.23,10.69,-0.49,2.29,0.6,3.36,3.9,1.07,7.23,3.33,3.35,2.85,9.8,5.78,3.87,12.94,6.17,2.69,7.12,5.21,0.59,3.55,3.57,7.06,4.99,3.7,5.33,4.57,2.22,5.95,3.93,5.96,2.04,6.42,8.37,1.02,4.29,6.31,2.16,3.23,3.89,24.09,2.97,0.66,4.02,3.31,1.42,11.35,10.38,1.53,2,17.32,6.63,2.22,2.62,5.89,5.4,12.7,2.33,1.61,7.39,1.05,3.62,2.39,4.69,2.4,2.35,2.86,1.64,1.29,5.05,4.05,,0.36,3.69,5.81,5.76,6.66,7.61,8.05,24.07,18.35,0.68,1.55,5.44,4.45,11.89,,3.79,6.56,-2.35,1.52,2.19,0.3,4.56,12.29,7.89,1.82,-0.71,,2.35,21.76,1.04,10.42,5.65,6.73,3.18,7.58,6.47,3.73,1.75,4.56,4.74,11.65,3.56,1.84,6.16,9.57,13.28,2.03,4.76,7.85,1.35,4.44,,6,8.54,9,2.83,9.07,1.65,8.45,4,1.37,6.03,7.82,0.5,0.92,12.93,2.51,2.69,2.52,13.22,19.04,25.04,3.02,1.53,2.63,6.45,8.24,7.97,9.55,9.05,-1.83,2.74,26.12,2.9,8.66,7.12,10.27,-0.66,-1.08,8.24,2.55,5.21,10.36,3.25,8.26,5.81,3.02,8.35,17.67,5.79,6.36,6.27,28.1,-1.56,7.08,6.06,7.46,2.2,9.83,4.2,2.81,2.61,10.3,5.14,1.16,8.6,8.45,6.08,-0.27,4.02,9.02,1.63,4.53,0.52,,2.5,1.72,3.69,1.35,11.19,6.09,24.22,,-5.55,4.12,3.08,11.64,310.1,23.09,-1.82,6.73,5.53,2.9,4.56,5.31,6.85,14.17,3.06,4.2,4.58,2.67,1.06,6.04,8.46,4.31,2.87,5.69,3.37,5.05,5.16,7.56,9.19,6.76,2.46,6.04,5.91,5.73,1.3,11.7,3.41,7.16,5.69,5.81,9.56,4.2,7.76,10.05,6.09,7.18,,1.46,1.23,36.48,1.41,3.69,5.46,3.1,9.46,0.82,14.6,4.33,-12.82,11.87,3.75,2.85,0.83,5.31,3.21,8.05,5.58,26.64,5.1,8.59,-1.04,11.54,3.32,0.22,9.49,3.28,6.47,6.83,9.08,16.87,3.16,6.16,3.17,2.87,9.93,5.7,2.59,8.33,5.97,0.71,11.26,12.72,4.84,5.8,2.7,20.09,4.12,2.64,6.47,,16.39,10.44,,0.89,5.88,6.35,0,10.82,3.13,0.14,0.15,9.37,-4.23,18.33,8.44,16.49,10.77,5.21,0.01,6.11,0.23,5.84,5.43,4.99,11.46,2.93,,6.79,0.25,4.98,3.31,4.37,5.76,5.18,4.86,4.59,9.24,4.01,1.97,0.81,5.12,6.02,2.01,3.45,1.04,18.95,1.17,12.1,-2.42,2.97,2.2,3.34,2.63,3.99,14.39,7.98,3.24,4.26
trailingEps,8.527,1.891,4.572,4.55,7.895,2.849,7.94,0.738,6.869,-0.526,6.357,2.215,8.486,3.411,-5.65,3.59,4.303,4.309,21.976,3.239,2.686,14.282,51.752,51.752,0.384,34.202,0.313,3.423,-14.003,3.862,4.062,-5.725,4.23,3.65,14.25,-16.65,3.78,12.399,3.79,2.99,4.399,19.366,7.76,1.941,-20.783,1.03,3.28,3.92,6.563,2.821,8.938,4.001,6.751,1.52,4.89,1.629,5.761,71.93,4.656,6.258,,1.552,2.03,4.564,1.767,2.71,6.184,116.688,30.378,30.111,-7.887,33.687,1.76,6.402,2.605,-0.022,5.325,4.029,3.364,0.532,3.857,5.358,2.066,3.329,4.17,-10.6,1.582,6.032,4.555,3.187,5.07,4.811,3.772,-1.882,2.559,1.322,2.159,12.612,-6.182,8.362,5.048,3.091,14.246,4.871,8.568,2.47,5.135,2.219,4.678,8.997,6,2.671,1.93,2.698,3.13,2.23,3.633,2.03,-52.267,-1.118,4.053,5.649,5.598,2.851,0.255,-1.28,9.02,1.6,3.599,10.611,6.05,6.41,4.96,-1.507,6.679,8.578,-16.532,-0.361,-8.567,2.419,-26.836,2.174,3.278,1.805,1.805,2.455,9.187,3.729,-0.22,11.685,4.59,-3.167,7.066,2.729,0.586,-4.066,-15.199,3.462,3.403,7.21,-3.739,0.962,1.265,4.487,3.24,6.891,-0.529,3.616,5.077,2.545,9.159,1.665,1.862,2.762,3.523,16.519,2.43,-15.493,3.707,3.368,0.778,5.01,8.778,1.46,2.321,6.792,-0.168,2.003,1.341,5.6,1.316,8.31,1.042,1.122,3.822,-0.041,2.679,1.529,3.519,2.627,2.627,1.59,-0.079,-2.779,5.327,2.372,,0.352,3.741,2.23,-1.325,1.007,6.83,1.673,17.347,11.574,-4.965,1.226,4.783,2.82,9.89,,4.089,5.697,-10.58,0.001,-1.137,-2.615,4.21,10.918,6.977,1.7,-0.83,,1.766,31.204,0.711,14.579,4.9,5.736,2.289,6.595,4.314,-1.552,-0.486,5.109,3.628,8.823,1.248,1.448,3.342,6.92,8.778,1.065,1.968,0.906,0.46,3.889,,4.653,7.556,6.36,0.84,7.669,1.18,6.033,3.452,1.153,3.31,6.889,2.019,0.049,8.222,-0.404,3.259,-0.757,7.351,8.622,17.599,2.31,-0.99,1.7,4.26,7.164,6.112,3.915,4.19,-6.968,1.958,23.21,-3.892,7.503,3.499,10.044,-1.439,-14.908,7.261,0.538,3.98,10.697,5.468,6.663,5.649,2.531,6.555,13.031,3.26,4.528,6.105,23.79,2.947,2.336,2.372,6.199,2.775,49.89534,2.69,2.119,2.219,9.605,5.916,-2.859,4.472,6.698,5.46,-6.734,3.494,6.192,-0.246,3.182,-1.713,-1.713,1.98,-0.421,1.689,-0.776,7.765,6.054,14.579,,-13.448,16.376,1.41,6.117,217.751,22.339,-17.277,5.275,4.435,1.46,3.18,4.1,4.969,9.16,2.9,2.817,2.65,2.101,1.151,5.05,3.689,-0.049,1.538,4.935,-6.137,5.611,1.041,16.632,7.959,4.54,2.014,4.409,5.233,8.631,2.233,-0.238,3.77,6.49,4.785,-13.92,3.794,2.702,4.52,8.11,-1.108,5.83,,1.201,0.277,27.286,0.791,3.191,4.659,2.853,8.77,0.759,14.826,0.86,-19.76,9.977,2.591,-0.128,-7.607,3.917,2.981,13.013,3.474,20.24,4.401,4.8,2.627,10.695,2.988,-3.014,6.187,0.79,6.275,4.93,4.61,20.517,2.227,4.039,-0.042,2.902,8.891,4.124,-1.595,6.919,-0.726,-12.643,10.206,7.77,3.909,5.283,1.182,12.194,2.033,0.585,6.434,,8.97,8.775,,-1.582,4.547,5.86,0.443,4.954,3.022,-1.659,-1.659,7.85,-16.896,17.409,5.272,12.641,10.197,4.666,-0.025,2.94,0.906,6.932,4.029,4.42,10.204,-0.129,,4.888,0.28,4.583,1.763,2.413,6.268,0.519,-1.588,3.541,8.026,3.81,0.381,2.493,4.13,-0.114,1.692,-2.67,0.658,13.793,0.178,8.17,-17.537,2.809,4.242,2.448,1.231,3.444,8.761,-0.744,2.365,3.47
priceToBook,8.394348,6.261788,11.657804,10.250716,9.080872,4.127351,18.970577,26.310226,2.6077766,6.7772985,0.94989496,6.8696566,4.948861,4.0553284,1.708496,3.3006425,2.0446703,2.4002373,11.604544,12.6468935,2.3129756,1.2040721,5.526898,5.545391,23.647127,18.796774,3.581507,2.2844412,,2.010382,4.1441507,0.52277404,27.694323,4.3901014,3.5157015,,4.735823,11.882753,7.541886,4.2278156,7.6118727,2.2474372,12.855571,5.181146,,2.1501753,30.48584,6.6296554,4.19246,1.3987684,6.584917,3.850255,1.3330745,1.1493973,1.7733414,830.26056,12.657601,,2.2446527,9.222785,,11.018581,0.9461796,0.8311757,4.5921774,2.8316886,8.136311,1.92663,3.492547,3.0285473,,16.61154,1.9306092,2.58222,3.100276,2.7757256,6.574114,11.84955,6.716721,3.211665,13.131913,5.771179,0.72002685,10.721522,3.897362,0.76328164,5.536327,6.25904,3.2013955,2.9157288,15.2138815,6.1657476,1.4188489,2.1546657,5.092818,2.5361497,2.3054857,5.5021443,1.2157068,20.029287,1.1912307,6.6506767,1.5449369,1.2771645,10.49449,4.5330825,0.6113439,0.6723459,215.52773,22.951283,2.2224138,3.2960231,12.163972,3.672344,111.75853,2.6105654,0.9377905,2.1569924,1.4351019,1.3817258,1.3976631,3.307771,4.326996,9.956511,2.6663728,1.1443001,9.197799,7.57371,5.5068283,4.433445,1.2630078,2.3057766,4.6221566,5.945398,7.9371386,6.28702,7.025544,2.2674072,1.6673001,20.224741,0.6583709,2.389204,2.493001,1.720902,1.5450311,1.4086784,7.1170316,3.3075612,2.6798186,,5.4806924,3.2861001,2.0397391,1.547074,2.8435001,1.2221332,1.2394594,2.1522036,3.2326458,11.559699,9.997627,1.7449961,12.506289,4.371077,5.4044824,2.0257635,1.3141665,7.1258354,6.1460805,2.1510265,2.7239692,19.532316,26.401508,1.404752,2.1732626,0.9629849,1.2421751,10.390849,6.018938,6.088719,0.88044614,4.4097443,6.5288444,9.40919,3.1325889,3.7332525,1.8230444,0.86464494,2.1135266,2.3059716,2.3914976,7.2085953,2.7571955,2.5569108,5.01278,1.0497237,26.882113,3.133017,4.4640594,1.5387592,1.5171956,1.0084734,3.3427718,4.0454845,4.2894607,13.14719,,2.5704505,4.4418707,1.3902707,4.6416774,4.3173165,1.3834883,2.0570405,0.9838427,10.308005,2.699949,4.1290517,0.93865997,4.5953956,,,2.8705585,14.888173,2.399835,0.833466,,0.6682153,6.566724,,7.842224,4.3141136,1.5588851,,,3.4093463,1.1144835,3.419647,6.123757,89.89158,4.2737937,23.9305,9.343936,7.5013733,2.1070168,2.4949155,2.9805934,4.913239,2.7394147,3.0990553,1.9714643,17.822945,9.274527,0.727643,4.326637,5.56696,7.8973255,7.9166665,,5.6861243,1.588992,5.975341,1.8851981,1.4488043,1.5617328,3.9572878,7.340786,0.9458292,6.528972,142.03252,1.180978,1.0221648,13.651304,0.8016102,2.5672681,,1.8518339,2.396619,11.570213,30.68312,13.350849,4.4319806,3.8457413,1.3797374,27.322067,0.3960325,2.8652134,,1.9813613,20.788567,0.67144805,26.020477,3.7317188,1.0202248,0.40617973,1.1093069,23.10139,168.95184,6.667847,2.874521,100.92421,55.593803,6.230748,12.571473,,4.6307554,2.9421506,6.9732165,0.5665691,61.62934,1.8845268,6.2618923,1.7524333,12.897077,2.4442594,1.1093372,0.69855833,3.0324256,9.524461,34.245922,1.1409794,0.87120706,,,3.4471188,0.8746004,40.570755,20.87477,2.3195174,2.1873338,1.3544647,1.3575569,3.9694214,2.7670414,22.561926,2.0146675,4.093428,1.7785692,4.880543,,1.3478525,3.855574,1.5400621,21.133135,5.2993827,46.15973,1.2440059,7.6085105,4.859471,2.3832247,17.688156,3.0188036,3.812937,5.269574,11.727261,35.772453,12.217501,4.3020616,0.7030042,14.711253,4.5070276,1.1282834,3.125,,1.3640894,1.6046027,1.3515877,1.0983486,23.15033,6.3627057,1.6374564,0.8594079,7.3035183,3.100223,2.3130867,0.45176315,1.8525827,8.140653,1.8768265,1.190539,3.8162186,2.23649,27.178484,2.6327333,2.2475073,1.7412945,,2.0220995,1.324069,5.402922,0.89297324,3.761796,11.414508,5.740776,27.996609,20.245958,4.182768,12.725044,1.8710526,184.14807,6.0951934,,2.356027,7.8667426,286.07593,1.8704644,37.79253,15.584892,14.509032,5.5829954,0.88887215,2.5902123,2.2730837,2.7516618,3.3580124,,1.0383557,4.582642,6.7386274,2.4803002,1.5127388,7.2151227,27.407988,2.4945176,4.3651958,6.4104495,3.1202717,6.8531995,3.9003417,0.88607603,4.65492,5.332288,8.856405,17.286158,1.7857571,5.6172166,4.9914546,15.611011,8.0549,,,1.2237937,,4.5323596,8.802965,1.4335616,3.5351896,8.70388,1.3796003,5.17316,4.5269017,7.982652,1.6579407,4.8692846,25.302841,3.8102832,1.8665736,0.40017945,1.0780425,7.624132,1.7865132,,13.737312,3.818367,6.884077,11.236595,,12.917697,1.3692007,3.1143036,1.9465503,1.3484812,5.653647,1.5741789,3.0059664,7.108263,,2.9006066,0.6542224,1.6712437,12.241187,1.3466666,128.22086,1.0323575,2.5166316,3.5480313,2.0508168,2.443837,,2.6435027,0.8282928,13.226097,5.9287643,,9.798233,2.5482357,0.88411885,21.929014
